driverID,userID,categoryID
1,1002932,40
2,1007954,4
3,1008102,20
4,1011818,18
5,1016853,3
6,1017145,6
7,1020701,32
8,1022605,15
9,1026436,20
10,1029846,11
11,1034336,14
12,1034989,18
13,1035405,24
14,1035663,30
15,1038977,4
16,1042735,12
17,1042779,1
18,1042892,42
19,1043626,37
20,1048931,41
21,1049952,39
22,1050419,34
23,1065271,54
24,1066844,13
25,1077478,12
26,1086515,40
27,1086611,18
28,1086765,54
29,1088284,41
30,1090016,31
31,1095910,5
32,1096331,39
33,1098789,4
34,1100062,23
35,1101294,9
36,1101855,46
37,1102715,44
38,1107573,24
39,1110267,45
40,1112148,28
41,1126117,5
42,1126695,3
43,1134266,1
44,1135723,1
45,1136885,5
46,1136984,27
47,1141167,50
48,1141453,5
49,1142378,28
50,1144216,30
51,1150158,28
52,1151904,52
53,1153243,25
54,1155427,10
55,1155507,53
56,1155866,42
57,1160017,31
58,1160715,44
59,1160749,27
60,1164164,50
61,1165226,3
62,1170150,3
63,1176771,16
64,1177374,41
65,1177438,6
66,1186424,43
67,1187151,31
68,1191042,41
69,1194535,49
70,1194699,34
71,1197112,13
72,1200627,21
73,1206669,43
74,1211937,21
75,1212775,1
76,1217226,18
77,1218876,49
78,1227818,5
79,1228396,45
80,1229724,30
81,1235572,5
82,1241984,24
83,1243586,1
84,1245601,16
85,1251988,39
86,1253797,33
87,1257806,23
88,1260418,35
89,1265601,44
90,1273511,23
91,1278996,22
92,1281105,42
93,1281710,3
94,1285664,53
95,1287473,46
96,1288884,32
97,1291088,14
98,1292633,16
99,1292760,45
100,1294188,9
101,1294677,21
102,1296823,29
103,1297257,16
104,1298462,19
105,1300443,34
106,1300891,29
107,1301644,18
108,1304632,51
109,1306413,42
110,1310316,4
111,1311386,43
112,1312718,27
113,1322331,20
114,1325301,13
115,1330019,14
116,1331327,28
117,1334470,30
118,1335000,8
119,1335030,18
120,1335667,26
121,1338004,40
122,1339204,39
123,1343078,13
124,1348157,13
125,1356380,26
126,1359231,6
127,1359254,22
128,1359886,9
129,1362687,12
130,1363838,34
131,1366137,48
132,1368411,20
133,1368804,12
134,1370450,31
135,1378774,7
136,1382848,3
137,1382857,50
138,1383195,23
139,1384549,5
140,1384772,8
141,1392713,37
142,1394975,20
143,1395505,49
144,1395947,51
145,1397771,37
146,1402276,41
147,1402973,5
148,1403263,47
149,1403957,51
150,1404595,2
151,1410300,10
152,1413879,2
153,1417011,27
154,1418286,9
155,1418856,19
156,1428952,50
157,1431862,24
158,1432513,3
159,1433513,14
160,1434257,45
161,1434447,8
162,1436724,39
163,1436733,14
164,1439014,15
165,1441823,35
166,1448306,51
167,1448466,9
168,1449426,21
169,1449926,30
170,1449995,25
171,1456920,29
172,1465093,6
173,1467735,51
174,1468361,33
175,1468857,18
176,1472689,2
177,1476027,26
178,1479007,14
179,1481547,35
180,1482119,33
181,1484195,9
182,1492819,10
183,1493017,36
184,1495035,24
185,1497431,42
186,1503828,10
187,1505784,7
188,1506726,19
189,1509181,19
190,1516183,21
191,1516733,13
192,1518061,25
193,1528908,1
194,1530478,12
195,1535139,28
196,1540270,38
197,1548066,7
198,1548818,27
199,1549466,44
200,1550802,40
201,1551821,45
202,1552480,22
203,1557730,50
204,1559140,48
205,1560920,48
206,1561126,49
207,1565008,45
208,1566531,29
209,1568275,54
210,1572134,31
211,1572972,51
212,1575270,10
213,1577534,28
214,1578157,52
215,1580315,48
216,1584270,54
217,1589242,39
218,1592623,43
219,1592646,7
220,1594787,15
221,1597862,41
222,1600507,34
223,1601834,40
224,1602310,13
225,1609336,38
226,1610090,24
227,1610717,42
228,1611907,22
229,1614619,13
230,1614931,29
231,1616580,47
232,1617348,15
233,1622918,17
234,1625264,4
235,1628101,22
236,1630206,42
237,1632032,8
238,1633170,33
239,1635965,19
240,1637498,11
241,1639432,2
242,1640659,52
243,1646860,27
244,1652156,46
245,1655819,30
246,1657002,21
247,1658745,49
248,1659805,1
249,1660987,53
250,1671663,12
251,1673369,42
252,1673620,6
253,1675531,21
254,1678268,54
255,1678654,54
256,1685288,47
257,1686669,34
258,1689974,52
259,1698464,23
260,1701217,44
261,1706053,38
262,1706573,45
263,1717867,34
264,1719022,22
265,1720529,29
266,1723793,26
267,1727905,30
268,1728360,21
269,1731168,20
270,1734544,36
271,1739567,16
272,1741393,15
273,1741818,31
274,1744261,18
275,1746628,16
276,1748702,54
277,1748825,10
278,1748828,33
279,1749997,4
280,1750738,48
281,1757306,38
282,1758507,43
283,1765099,23
284,1766530,26
285,1769359,38
286,1769590,34
287,1769913,46
288,1775056,18
289,1775298,44
290,1775438,33
291,1776148,34
292,1783965,41
293,1788411,19
294,1789409,13
295,1796522,42
296,1799328,20
297,1799960,1
298,1803330,26
299,1808075,38
300,1810851,25
301,1812211,18
302,1813774,28
303,1816915,22
304,1817048,53
305,1818945,27
306,1821480,48
307,1823607,44
308,1825085,54
309,1825976,7
310,1826936,51
311,1831342,2
312,1832872,12
313,1834008,42
314,1837809,31
315,1839931,54
316,1840095,38
317,1841144,4
318,1843430,12
319,1845294,36
320,1848894,3
321,1849134,47
322,1853019,44
323,1855575,40
324,1855876,20
325,1856539,10
326,1857833,7
327,1859751,35
328,1862871,32
329,1866188,39
330,1866715,25
331,1867267,49
332,1869449,34
333,1872240,29
334,1872885,26
335,1883309,48
336,1883342,27
337,1885139,43
338,1886584,27
339,1887080,7
340,1888571,22
341,1895895,38
342,1896086,29
343,1899731,15
344,1901029,9
345,1901234,27
346,1901505,11
347,1901626,42
348,1906147,4
349,1906364,50
350,1910110,16
351,1910353,49
352,1912915,16
353,1916624,39
354,1918257,36
355,1924405,41
356,1931196,19
357,1932231,37
358,1935039,2
359,1936926,38
360,1937267,8
361,1944741,26
362,1945092,50
363,1946539,42
364,1950120,9
365,1953042,32
366,1954524,17
367,1954616,18
368,1954969,12
369,1958734,24
370,1958947,10
371,1959950,50
372,1961085,10
373,1963363,52
374,1963701,42
375,1965167,7
376,1969020,4
377,1969913,47
378,1970627,44
379,1971764,52
380,1977039,29
381,1980137,52
382,1981027,16
383,1981425,49
384,1986191,39
385,1988267,37
386,1989970,15
387,1990457,39
388,1998116,8
389,1999988,31
390,2003484,4
391,2004364,16
392,2007350,38
393,2010431,11
394,2015490,32
395,2015860,11
396,2018750,45
397,2024481,18
398,2025300,8
399,2030039,8
400,2034082,37
401,2034101,40
402,2038633,42
403,2048003,50
404,2050099,11
405,2053195,35
406,2053590,13
407,2054768,34
408,2057684,50
409,2065716,28
410,2066783,54
411,2067526,18
412,2067898,37
413,2068845,8
414,2069308,53
415,2070670,38
416,2072652,11
417,2079072,28
418,2079245,29
419,2086375,4
420,2086628,42
421,2093281,51
422,2096198,54
423,2098994,19
424,2105485,20
425,2110902,19
426,2113144,29
427,2115834,11
428,2118261,31
429,2119460,43
430,2119963,23
431,2120495,17
432,2123081,17
433,2126464,20
434,2128124,10
435,2129572,5
436,2132511,18
437,2134583,10
438,2134607,49
439,2138745,15
440,2144874,22
441,2148379,22
442,2151368,47
443,2155215,22
444,2155489,7
445,2165818,51
446,2172091,39
447,2172700,39
448,2175153,50
449,2182047,51
450,2185541,38
451,2186856,33
452,2187943,13
453,2191397,27
454,2200241,5
455,2200763,31
456,2201375,28
457,2206799,8
458,2207282,22
459,2210818,50
460,2210861,41
461,2214600,1
462,2217823,23
463,2218382,21
464,2218395,13
465,2223224,52
466,2233383,51
467,2241055,42
468,2241356,44
469,2241416,46
470,2242527,11
471,2242642,51
472,2247428,14
473,2248128,43
474,2258404,16
475,2261050,30
476,2262275,19
477,2262872,1
478,2264887,54
479,2268326,10
480,2274768,39
481,2277476,52
482,2283588,42
483,2283693,17
484,2287801,7
485,2290986,49
486,2292942,28
487,2294592,3
488,2296261,16
489,2299467,10
490,2299905,7
491,2302406,42
492,2303629,11
493,2304548,37
494,2306408,3
495,2307951,21
496,2311416,40
497,2311569,5
498,2314876,31
499,2319940,36
500,2320659,4
501,2325229,18
502,2327576,26
503,2329967,33
504,2337292,30
505,2338149,35
506,2339952,33
507,2341887,38
508,2342838,34
509,2346793,42
510,2347254,14
511,2348127,30
512,2349817,16
513,2353336,49
514,2354694,8
515,2358400,14
516,2360076,48
517,2366742,45
518,2367972,1
519,2370263,1
520,2375146,12
521,2376366,35
522,2382637,16
523,2386126,50
524,2387069,40
525,2389036,52
526,2390200,30
527,2393216,35
528,2393367,29
529,2397883,14
530,2399330,46
531,2399556,19
532,2399646,23
533,2408236,25
534,2418717,54
535,2421598,38
536,2422267,39
537,2427578,48
538,2427638,2
539,2429462,16
540,2430489,28
541,2431578,43
542,2432744,38
543,2434119,52
544,2440892,29
545,2441110,51
546,2441544,43
547,2444058,8
548,2455101,1
549,2456285,24
550,2457042,19
551,2458132,53
552,2461499,10
553,2461835,53
554,2462454,33
555,2463701,7
556,2464014,46
557,2464856,42
558,2470908,44
559,2473737,12
560,2474567,4
561,2477511,21
562,2478715,37
563,2479162,38
564,2483517,12
565,2486896,29
566,2487261,40
567,2488641,48
568,2491657,50
569,2493825,25
570,2496631,35
571,2497123,47
572,2499679,47
573,2503998,13
574,2510522,8
575,2511301,44
576,2514173,49
577,2514414,42
578,2519673,41
579,2519893,11
580,2519896,53
581,2529074,10
582,2531415,47
583,2541950,35
584,2547787,53
585,2547973,49
586,2551149,35
587,2552542,10
588,2555463,17
589,2557138,48
590,2558961,16
591,2565447,26
592,2566952,1
593,2571538,54
594,2571686,48
595,2572299,48
596,2572577,4
597,2576025,49
598,2584895,10
599,2585949,31
600,2591358,3
601,2591661,43
602,2592696,43
603,2595808,30
604,2598960,13
605,2600781,4
606,2611689,10
607,2614600,52
608,2616339,7
609,2622907,21
610,2623808,16
611,2623986,23
612,2627830,50
613,2627874,44
614,2633469,36
615,2639336,50
616,2643360,2
617,2647483,44
618,2648741,53
619,2651487,36
620,2659409,53
621,2661620,49
622,2668708,17
623,2672737,37
624,2675368,24
625,2677915,29
626,2682057,19
627,2683357,20
628,2683454,3
629,2684040,37
630,2684628,25
631,2685824,8
632,2692499,33
633,2694490,54
634,2701485,41
635,2703753,53
636,2706942,13
637,2707080,35
638,2708010,3
639,2708156,46
640,2714532,45
641,2716858,15
642,2718422,28
643,2728330,19
644,2736467,22
645,2737023,38
646,2738064,25
647,2740847,26
648,2742310,36
649,2743807,42
650,2744990,41
651,2748548,1
652,2749684,2
653,2751919,7
654,2757281,5
655,2757283,17
656,2758078,7
657,2761037,2
658,2762589,42
659,2764695,22
660,2764945,45
661,2765597,14
662,2769916,48
663,2771609,11
664,2774786,47
665,2775204,38
666,2777987,2
667,2778117,2
668,2787147,37
669,2787479,41
670,2788303,16
671,2790396,48
672,2790705,2
673,2791235,35
674,2792594,28
675,2793960,28
676,2797076,16
677,2807130,13
678,2807159,48
679,2808222,39
680,2810772,33
681,2820432,1
682,2832511,18
683,2833996,10
684,2834825,31
685,2835512,36
686,2836375,16
687,2838965,21
688,2839493,3
689,2840108,49
690,2842458,13
691,2846752,14
692,2852276,24
693,2855430,54
694,2857547,31
695,2858016,52
696,2858324,53
697,2859404,38
698,2860935,31
699,2861199,2
700,2861432,2
701,2861911,7
702,2863423,27
703,2866819,27
704,2867260,50
705,2870096,38
706,2876624,17
707,2877092,20
708,2880383,29
709,2886426,40
710,2886897,9
711,2887170,4
712,2888200,46
713,2890020,33
714,2893102,19
715,2893710,42
716,2896190,32
717,2896420,5
718,2898839,51
719,2906324,12
720,2907738,25
721,2912897,16
722,2915692,34
723,2921431,37
724,2923045,26
725,2923843,27
726,2924689,43
727,2926395,42
728,2928105,6
729,2935535,35
730,2937239,52
731,2937282,18
732,2939468,42
733,2939954,21
734,2943777,26
735,2944792,30
736,2947285,21
737,2949146,48
738,2951468,16
739,2951616,38
740,2957324,22
741,2957567,46
742,2958963,17
743,2959792,1
744,2961560,27
745,2963854,3
746,2965526,40
747,2966164,31
748,2966591,1
749,2967618,22
750,2971556,28
751,2975449,5
752,2976684,18
753,2982961,9
754,2987076,10
755,2987757,37
756,2988235,13
757,2991741,47
758,2995294,20
759,2995382,54
760,2995867,46
761,2997155,13
762,3013290,54
763,3016766,11
764,3022400,17
765,3023272,29
766,3029912,50
767,3030638,43
768,3043566,3
769,3046951,52
770,3052439,16
771,3054206,2
772,3054538,3
773,3054948,30
774,3059430,29
775,3059694,52
776,3061719,31
777,3064979,11
778,3067305,31
779,3067521,33
780,3069518,36
781,3070062,2
782,3071685,38
783,3075626,43
784,3078606,33
785,3089718,27
786,3091437,27
787,3098031,8
788,3098913,37
789,3107649,43
790,3110512,51
791,3112876,45
792,3114457,44
793,3117372,24
794,3118551,16
795,3120636,43
796,3124049,4
797,3124930,30
798,3128522,17
799,3130061,14
800,3138086,51
801,3138346,41
802,3138363,40
803,3140207,38
804,3142829,25
805,3155331,45
806,3159400,54
807,3171716,46
808,3172403,32
809,3188263,6
810,3188506,29
811,3192265,53
812,3195769,20
813,3196186,46
814,3198069,1
815,3201033,34
816,3203413,5
817,3209119,19
818,3212892,10
819,3213239,53
820,3213421,50
821,3218334,16
822,3219542,28
823,3219787,22
824,3222696,16
825,3223016,19
826,3227634,29
827,3233050,14
828,3234103,23
829,3235322,18
830,3235733,40
831,3237862,39
832,3237923,14
833,3238080,38
834,3243397,12
835,3246116,10
836,3246754,1
837,3247170,33
838,3250135,34
839,3254533,31
840,3262310,49
841,3271072,25
842,3278221,46
843,3279498,50
844,3281127,8
845,3284239,32
846,3287608,26
847,3288111,33
848,3289578,39
849,3290262,31
850,3292169,2
851,3295872,51
852,3311022,43
853,3311845,10
854,3313525,3
855,3316213,17
856,3319408,7
857,3322813,35
858,3327417,49
859,3328969,11
860,3329994,17
861,3332522,16
862,3348764,20
863,3349387,35
864,3356676,35
865,3358611,1
866,3360513,15
867,3363983,21
868,3364262,33
869,3364473,22
870,3364568,2
871,3364758,34
872,3365100,51
873,3367976,13
874,3369525,42
875,3371070,52
876,3371182,33
877,3371259,23
878,3374526,26
879,3379857,48
880,3379971,42
881,3380872,38
882,3383034,27
883,3389018,29
884,3392682,39
885,3392992,23
886,3398735,52
887,3400344,4
888,3400398,6
889,3404721,2
890,3406063,5
891,3406370,7
892,3408236,6
893,3412141,21
894,3420003,37
895,3422390,16
896,3422486,13
897,3423806,40
898,3423984,22
899,3424552,52
900,3428414,17
901,3432209,29
902,3449803,18
903,3455962,20
904,3458276,16
905,3459827,8
906,3461116,14
907,3462254,7
908,3463727,15
909,3465982,43
910,3466942,5
911,3467977,25
912,3468141,14
913,3468734,14
914,3471676,20
915,3479033,53
916,3483475,38
917,3484080,25
918,3484860,19
919,3486667,33
920,3488765,20
921,3491828,34
922,3491833,6
923,3504971,4
924,3507386,51
925,3509159,24
926,3513936,25
927,3517038,53
928,3518895,6
929,3522782,19
930,3528129,48
931,3536231,45
932,3538144,18
933,3541484,1
934,3546093,22
935,3548203,47
936,3552707,17
937,3553993,10
938,3562277,35
939,3562843,11
940,3565242,30
941,3571928,30
942,3574530,4
943,3575821,46
944,3576054,15
945,3576501,1
946,3577195,24
947,3581244,34
948,3581682,13
949,3581949,43
950,3585147,14
951,3587209,20
952,3591178,39
953,3596511,1
954,3597842,11
955,3599883,10
956,3600562,27
957,3601659,21
958,3602842,30
959,3605306,48
960,3607914,8
961,3608128,20
962,3609288,48
963,3611002,51
964,3613372,34
965,3614099,41
966,3615661,28
967,3618489,52
968,3619180,1
969,3624987,30
970,3626418,17
971,3627333,29
972,3634940,27
973,3636671,28
974,3640665,45
975,3641484,7
976,3643577,31
977,3646864,43
978,3648868,32
979,3650342,47
980,3656849,5
981,3657452,20
982,3657821,3
983,3658193,46
984,3658622,14
985,3662534,26
986,3663597,7
987,3663736,48
988,3664722,7
989,3668533,46
990,3671973,47
991,3674063,17
992,3676249,46
993,3677593,24
994,3680047,11
995,3687521,25
996,3688101,25
997,3691227,15
998,3691325,26
999,3692641,8
1000,3693643,40
1001,3699401,14
1002,3699704,44
1003,3701322,9
1004,3703765,32
1005,3709055,54
1006,3710484,3
1007,3713010,30
1008,3714393,12
1009,3717894,24
1010,3719034,14
1011,3726798,46
1012,3728581,17
1013,3728641,33
1014,3728679,35
1015,3730085,31
1016,3732544,33
1017,3734502,20
1018,3734907,26
1019,3736970,17
1020,3737485,26
1021,3741783,21
1022,3742869,23
1023,3745598,25
1024,3745636,11
1025,3745801,25
1026,3746277,13
1027,3749524,35
1028,3749567,52
1029,3752879,45
1030,3756753,40
1031,3756912,48
1032,3758764,18
1033,3761827,28
1034,3769932,1
1035,3776901,2
1036,3782640,3
1037,3786403,36
1038,3791956,42
1039,3797379,9
1040,3801763,1
1041,3804076,16
1042,3815003,4
1043,3815860,37
1044,3817264,45
1045,3819322,13
1046,3819375,50
1047,3820481,16
1048,3825797,7
1049,3826781,16
1050,3828159,4
1051,3830923,21
1052,3833472,4
1053,3834102,34
1054,3834825,35
1055,3838251,54
1056,3839315,27
1057,3839377,27
1058,3840333,24
1059,3842884,26
1060,3842904,11
1061,3843968,34
1062,3844811,14
1063,3844831,43
1064,3846814,36
1065,3848995,25
1066,3849094,47
1067,3853250,37
1068,3853531,14
1069,3854659,10
1070,3862313,4
1071,3864764,43
1072,3868804,48
1073,3869654,20
1074,3872514,34
1075,3874196,33
1076,3876767,50
1077,3879330,24
1078,3879895,37
1079,3883342,50
1080,3899514,43
1081,3904399,29
1082,3914219,12
1083,3920509,26
1084,3927566,34
1085,3933192,49
1086,3935895,17
1087,3939942,38
1088,3945902,24
1089,3946512,42
1090,3952425,45
1091,3956051,7
1092,3957751,30
1093,3958205,25
1094,3959650,44
1095,3962217,39
1096,3964035,44
1097,3968984,22
1098,3970840,16
1099,3980966,8
1100,3981192,34
1101,3986434,45
1102,3986876,22
1103,3988591,50
1104,3992287,10
1105,3994652,37
1106,3996697,7
1107,4001099,5
1108,4004816,41
1109,4005117,49
1110,4005634,46
1111,4005656,3
1112,4013552,15
1113,4014790,28
1114,4019419,5
1115,4021408,20
1116,4023461,3
1117,4023873,19
1118,4024031,13
1119,4024693,48
1120,4028552,16
1121,4029881,51
1122,4030856,34
1123,4033155,23
1124,4033440,53
1125,4038156,11
1126,4043828,37
1127,4048438,54
1128,4049766,27
1129,4055071,13
1130,4057037,39
1131,4057226,23
1132,4059918,43
1133,4062610,6
1134,4066384,13
1135,4066794,15
1136,4067420,6
1137,4068017,4
1138,4071895,2
1139,4074187,5
1140,4078845,34
1141,4084418,47
1142,4089592,19
1143,4090584,27
1144,4092208,48
1145,4094013,35
1146,4095879,47
1147,4099408,24
1148,4100431,45
1149,4100476,28
1150,4101062,8
1151,4103591,19
1152,4109190,3
1153,4112139,1
1154,4114638,21
1155,4114717,47
1156,4115084,26
1157,4116668,8
1158,4119627,28
1159,4126830,4
1160,4131818,27
1161,4132706,8
1162,4137236,7
1163,4137338,4
1164,4138522,53
1165,4139316,10
1166,4143219,28
1167,4145717,25
1168,4148458,44
1169,4154399,5
1170,4154797,35
1171,4169202,18
1172,4170530,10
1173,4173560,45
1174,4184558,40
1175,4189303,32
1176,4189558,11
1177,4190332,5
1178,4197598,40
1179,4199020,34
1180,4199483,32
1181,4201059,41
1182,4210579,44
1183,4214937,40
1184,4217611,32
1185,4221711,51
1186,4223057,33
1187,4224369,49
1188,4229416,32
1189,4231648,40
1190,4234688,27
1191,4237774,42
1192,4239671,18
1193,4241017,16
1194,4241365,30
1195,4243223,33
1196,4245676,4
1197,4246792,47
1198,4248243,51
1199,4250647,37
1200,4264423,19
1201,4265165,42
1202,4266552,23
1203,4268743,14
1204,4270931,19
1205,4271979,34
1206,4275882,36
1207,4276511,11
1208,4278699,30
1209,4278776,50
1210,4280169,41
1211,4285927,6
1212,4286913,14
1213,4293585,5
1214,4295419,54
1215,4297101,9
1216,4300758,33
1217,4301979,40
1218,4306436,24
1219,4307447,38
1220,4311721,34
1221,4311866,13
1222,4312425,8
1223,4318140,30
1224,4319213,5
1225,4322283,4
1226,4329766,47
1227,4331545,30
1228,4334809,10
1229,4338484,48
1230,4340651,48
1231,4343499,31
1232,4346514,10
1233,4349073,25
1234,4356560,45
1235,4364349,54
1236,4367352,47
1237,4371391,47
1238,4378545,32
1239,4386229,16
1240,4386678,32
1241,4389254,54
1242,4391008,24
1243,4391034,28
1244,4395662,10
1245,4395713,14
1246,4396191,46
1247,4397482,17
1248,4398047,49
1249,4399446,45
1250,4399910,21
1251,4401261,41
1252,4405461,21
1253,4406100,13
1254,4411046,36
1255,4417165,1
1256,4418119,19
1257,4422980,46
1258,4426163,1
1259,4429084,39
1260,4431468,8
1261,4435838,2
1262,4437710,52
1263,4439616,26
1264,4443551,29
1265,4444638,2
1266,4445065,44
1267,4457871,23
1268,4462342,35
1269,4465932,36
1270,4468084,54
1271,4468720,4
1272,4471341,42
1273,4471395,33
1274,4474613,32
1275,4475292,29
1276,4478511,10
1277,4478866,5
1278,4481038,37
1279,4482647,17
1280,4488114,48
1281,4488448,29
1282,4490652,46
1283,4501364,16
1284,4502641,28
1285,4503920,1
1286,4506847,37
1287,4506951,2
1288,4506976,42
1289,4522049,34
1290,4523447,24
1291,4527352,2
1292,4527633,49
1293,4528147,6
1294,4528394,25
1295,4528898,2
1296,4534099,52
1297,4543992,28
1298,4546395,30
1299,4552416,25
1300,4557806,14
1301,4558290,4
1302,4559493,27
1303,4563084,5
1304,4566348,1
1305,4569186,29
1306,4569511,36
1307,4570637,2
1308,4572644,44
1309,4573839,24
1310,4577407,33
1311,4586100,49
1312,4586127,4
1313,4587485,49
1314,4605208,17
1315,4607418,50
1316,4610623,42
1317,4613733,24
1318,4617524,24
1319,4618481,5
1320,4634714,23
1321,4636107,34
1322,4637187,9
1323,4638701,22
1324,4644447,31
1325,4647354,29
1326,4647866,23
1327,4650661,17
1328,4650799,38
1329,4651720,35
1330,4653391,22
1331,4654292,11
1332,4658299,48
1333,4666716,22
1334,4666957,16
1335,4667636,38
1336,4675852,24
1337,4680534,22
1338,4684256,41
1339,4691265,37
1340,4693016,46
1341,4695354,25
1342,4708005,39
1343,4708367,53
1344,4708480,6
1345,4711459,52
1346,4719437,52
1347,4721893,44
1348,4722055,28
1349,4723851,50
1350,4726129,54
1351,4734800,30
1352,4736087,52
1353,4738556,38
1354,4751299,38
1355,4758644,19
1356,4769202,39
1357,4771386,22
1358,4772288,44
1359,4776748,39
1360,4778769,27
1361,4778905,36
1362,4780080,5
1363,4787196,26
1364,4787672,34
1365,4790089,20
1366,4791560,4
1367,4793900,47
1368,4799667,24
1369,4800881,3
1370,4802199,17
1371,4803122,15
1372,4803662,21
1373,4810500,25
1374,4812232,18
1375,4814158,27
1376,4816986,44
1377,4822507,50
1378,4824488,28
1379,4826209,50
1380,4826460,41
1381,4827285,1
1382,4830589,50
1383,4830904,22
1384,4831653,53
1385,4837120,50
1386,4841080,19
1387,4846770,5
1388,4848275,37
1389,4853181,35
1390,4856867,21
1391,4857407,40
1392,4857929,11
1393,4865385,18
1394,4870179,44
1395,4872005,9
1396,4879164,37
1397,4880891,37
1398,4888249,20
1399,4893012,38
1400,4894437,52
1401,4895349,54
1402,4898903,33
1403,4900609,6
1404,4902207,47
1405,4909716,26
1406,4910620,44
1407,4913621,23
1408,4913873,24
1409,4914491,36
1410,4922062,4
1411,4922081,31
1412,4922995,42
1413,4926630,52
1414,4927541,34
1415,4928848,22
1416,4929237,47
1417,4936426,39
1418,4936938,17
1419,4937950,19
1420,4940302,54
1421,4942109,9
1422,4942474,22
1423,4943740,45
1424,4949399,45
1425,4950155,51
1426,4951566,24
1427,4953020,44
1428,4956104,13
1429,4957970,39
1430,4961557,18
1431,4967121,40
1432,4970352,22
1433,4971198,22
1434,4971314,23
1435,4976526,41
1436,4978885,39
1437,4980429,3
1438,4981287,1
1439,4981453,28
1440,4981692,7
1441,4982909,44
1442,4985280,49
1443,4987106,38
1444,4987990,35
1445,4999423,29
1446,5001050,24
1447,5001814,27
1448,5004262,25
1449,5006955,33
1450,5013219,36
1451,5013670,53
1452,5017400,12
1453,5030902,6
1454,5032491,15
1455,5032661,28
1456,5034698,44
1457,5035895,3
1458,5036114,32
1459,5037309,37
1460,5040431,31
1461,5041669,2
1462,5042177,20
1463,5042428,8
1464,5045508,43
1465,5049136,36
1466,5053956,12
1467,5055137,50
1468,5057168,51
1469,5057470,14
1470,5059009,48
1471,5063311,9
1472,5063738,34
1473,5066876,34
1474,5076362,36
1475,5078458,18
1476,5078460,6
1477,5081961,21
1478,5089010,8
1479,5090480,37
1480,5095614,4
1481,5096142,44
1482,5101373,37
1483,5105266,43
1484,5106415,50
1485,5111276,37
1486,5113435,49
1487,5115812,48
1488,5119185,23
1489,5121044,33
1490,5121645,30
1491,5122956,3
1492,5123442,7
1493,5132452,17
1494,5135495,48
1495,5138335,30
1496,5142108,53
1497,5142899,1
1498,5144453,41
1499,5144773,11
1500,5152765,42
1501,5153785,17
1502,5159190,26
1503,5159299,7
1504,5160132,36
1505,5161346,51
1506,5163247,10
1507,5164106,1
1508,5165538,4
1509,5167005,13
1510,5167359,14
1511,5168938,24
1512,5170696,29
1513,5173224,7
1514,5175736,26
1515,5176306,33
1516,5178883,36
1517,5181160,25
1518,5195472,35
1519,5195804,46
1520,5197285,28
1521,5198062,7
1522,5198806,13
1523,5200955,35
1524,5207958,8
1525,5208889,48
1526,5211569,3
1527,5215764,16
1528,5216198,45
1529,5218586,39
1530,5220934,16
1531,5223917,24
1532,5227281,24
1533,5231015,19
1534,5231521,43
1535,5233794,9
1536,5238731,29
1537,5239065,9
1538,5242298,32
1539,5244148,26
1540,5250671,51
1541,5251960,34
1542,5252465,9
1543,5261671,12
1544,5267199,11
1545,5269188,19
1546,5270799,43
1547,5272074,7
1548,5279406,34
1549,5282575,12
1550,5287772,19
1551,5288798,43
1552,5290243,51
1553,5293988,20
1554,5297820,46
1555,5298249,8
1556,5304282,34
1557,5315080,13
1558,5315545,40
1559,5315942,22
1560,5318732,29
1561,5319051,7
1562,5319738,11
1563,5320815,22
1564,5322080,26
1565,5335325,23
1566,5336430,54
1567,5337197,51
1568,5337241,44
1569,5339490,50
1570,5340256,48
1571,5341135,16
1572,5342996,33
1573,5349190,22
1574,5357110,51
1575,5359647,54
1576,5361571,28
1577,5366377,24
1578,5368042,25
1579,5373425,1
1580,5381073,25
1581,5384693,17
1582,5391889,20
1583,5393216,4
1584,5394607,3
1585,5400746,49
1586,5402489,44
1587,5403887,10
1588,5408349,23
1589,5409820,28
1590,5418066,28
1591,5418314,19
1592,5419008,43
1593,5420973,51
1594,5421601,34
1595,5422497,31
1596,5423100,27
1597,5423439,48
1598,5426492,20
1599,5427950,23
1600,5432638,38
1601,5433550,47
1602,5434789,37
1603,5435966,6
1604,5447299,6
1605,5459028,18
1606,5468034,28
1607,5473891,29
1608,5474422,18
1609,5476241,36
1610,5483654,9
1611,5483900,2
1612,5494922,11
1613,5500569,38
1614,5500661,34
1615,5503351,20
1616,5503737,23
1617,5508723,16
1618,5509627,17
1619,5509815,40
1620,5514999,14
1621,5520312,16
1622,5523456,30
1623,5523675,5
1624,5527261,3
1625,5528681,8
1626,5528856,26
1627,5532397,19
1628,5534632,3
1629,5537839,18
1630,5538336,4
1631,5539402,38
1632,5539839,44
1633,5548319,24
1634,5549963,13
1635,5551922,28
1636,5554066,9
1637,5554403,7
1638,5556735,51
1639,5558762,14
1640,5559499,5
1641,5561287,44
1642,5562696,2
1643,5569366,3
1644,5569559,36
1645,5573558,15
1646,5574875,37
1647,5575738,9
1648,5577000,16
1649,5577216,24
1650,5579732,13
1651,5580573,14
1652,5581397,41
1653,5581731,5
1654,5582892,48
1655,5587587,14
1656,5588273,45
1657,5588548,24
1658,5589411,20
1659,5589806,51
1660,5595985,19
1661,5599680,34
1662,5602208,49
1663,5602229,36
1664,5607601,45
1665,5612019,22
1666,5612683,47
1667,5613269,33
1668,5613779,48
1669,5615712,26
1670,5615945,2
1671,5618640,34
1672,5619044,31
1673,5625587,23
1674,5630780,7
1675,5631875,49
1676,5633261,37
1677,5635256,47
1678,5636718,5
1679,5640636,46
1680,5643599,17
1681,5644533,49
1682,5646217,32
1683,5650259,6
1684,5653495,17
1685,5654247,26
1686,5657653,9
1687,5661774,2
1688,5670624,21
1689,5672723,35
1690,5674362,18
1691,5675766,21
1692,5677525,7
1693,5680769,6
1694,5683836,40
1695,5685252,33
1696,5686234,21
1697,5688326,4
1698,5694467,7
1699,5694529,51
1700,5695345,35
1701,5696464,6
1702,5698632,27
1703,5699283,52
1704,5701679,2
1705,5707670,25
1706,5714999,6
1707,5717281,46
1708,5720480,40
1709,5720820,40
1710,5723164,1
1711,5733295,47
1712,5736873,10
1713,5736893,48
1714,5737812,52
1715,5740029,25
1716,5740283,24
1717,5743139,20
1718,5743300,1
1719,5744549,54
1720,5746331,21
1721,5753052,47
1722,5753503,42
1723,5754728,52
1724,5757158,28
1725,5759309,47
1726,5759497,41
1727,5762556,42
1728,5763612,4
1729,5764871,21
1730,5765031,20
1731,5765381,27
1732,5773960,15
1733,5774601,19
1734,5778335,3
1735,5780136,50
1736,5781597,50
1737,5781825,15
1738,5782980,48
1739,5783798,2
1740,5793692,28
1741,5802078,35
1742,5803191,34
1743,5803442,27
1744,5803924,8
1745,5806488,31
1746,5808185,30
1747,5811684,32
1748,5813652,28
1749,5815508,53
1750,5816568,49
1751,5819694,50
1752,5823770,50
1753,5826767,9
1754,5833889,25
1755,5838366,1
1756,5839236,22
1757,5839380,3
1758,5842011,28
1759,5844935,47
1760,5847987,39
1761,5851645,4
1762,5856170,39
1763,5857448,13
1764,5858226,2
1765,5864578,21
1766,5866617,44
1767,5867080,47
1768,5867314,47
1769,5870536,52
1770,5870781,21
1771,5871261,39
1772,5872347,53
1773,5876307,40
1774,5879518,44
1775,5883162,25
1776,5890316,40
1777,5894507,17
1778,5900924,39
1779,5901916,34
1780,5906544,53
1781,5909698,19
1782,5913986,41
1783,5914140,2
1784,5916768,19
1785,5916997,19
1786,5917881,14
1787,5922068,49
1788,5924160,8
1789,5926131,51
1790,5926815,34
1791,5927239,41
1792,5927977,14
1793,5928604,2
1794,5930423,42
1795,5931177,17
1796,5933096,11
1797,5938057,42
1798,5940828,17
1799,5941961,21
1800,5951512,5
1801,5956726,49
1802,5959330,15
1803,5960898,2
1804,5964964,36
1805,5967107,36
1806,5967671,53
1807,5971088,31
1808,5972183,9
1809,5975402,5
1810,5978662,36
1811,5979353,37
1812,5979459,41
1813,5989222,51
1814,5993811,7
1815,5994246,6
1816,5994417,20
1817,5997751,40
1818,6005203,28
1819,6005926,23
1820,6006752,18
1821,6011441,49
1822,6011467,40
1823,6014210,5
1824,6021978,46
1825,6022055,12
1826,6023090,48
1827,6025855,5
1828,6027216,40
1829,6027636,1
1830,6030044,17
1831,6036499,53
1832,6037359,42
1833,6039316,26
1834,6042808,16
1835,6043510,52
1836,6045239,39
1837,6047361,17
1838,6050078,1
1839,6050599,20
1840,6056510,44
1841,6057837,52
1842,6058228,16
1843,6061711,6
1844,6062389,20
1845,6063063,27
1846,6064140,45
1847,6067341,36
1848,6075634,13
1849,6076176,51
1850,6076880,33
1851,6080501,21
1852,6081872,27
1853,6084580,34
1854,6087138,30
1855,6094991,37
1856,6097193,53
1857,6101717,53
1858,6105942,45
1859,6109335,33
1860,6111679,13
1861,6113689,30
1862,6114078,37
1863,6118521,24
1864,6120013,11
1865,6120856,11
1866,6123089,11
1867,6124046,33
1868,6125950,6
1869,6132454,23
1870,6136230,40
1871,6138328,32
1872,6140988,49
1873,6148270,47
1874,6155156,31
1875,6156238,18
1876,6161575,1
1877,6165039,33
1878,6167552,12
1879,6169021,28
1880,6171659,33
1881,6174410,38
1882,6179419,6
1883,6183266,9
1884,6185836,1
1885,6186146,8
1886,6189715,52
1887,6190775,40
1888,6195427,8
1889,6197880,6
1890,6199828,31
1891,6200575,27
1892,6205247,21
1893,6205368,44
1894,6206262,26
1895,6208928,20
1896,6209369,32
1897,6209734,35
1898,6212897,40
1899,6213008,15
1900,6214758,15
1901,6215467,16
1902,6222181,28
1903,6224075,48
1904,6225325,54
1905,6227517,37
1906,6231243,20
1907,6232365,53
1908,6235415,43
1909,6236004,18
1910,6236765,5
1911,6236852,31
1912,6239514,27
1913,6240065,37
1914,6240102,28
1915,6244326,36
1916,6247673,52
1917,6248113,18
1918,6248838,12
1919,6252260,43
1920,6252656,47
1921,6253678,9
1922,6255620,31
1923,6257140,41
1924,6257428,53
1925,6258021,3
1926,6258371,19
1927,6259257,17
1928,6264329,30
1929,6266837,47
1930,6266974,28
1931,6269106,15
1932,6272857,36
1933,6276160,25
1934,6278239,42
1935,6281317,23
1936,6286319,14
1937,6287047,47
1938,6288690,15
1939,6293332,15
1940,6296379,39
1941,6299999,19
1942,6304254,13
1943,6306118,11
1944,6306126,12
1945,6306559,28
1946,6309846,19
1947,6313271,44
1948,6315164,15
1949,6319416,23
1950,6319431,3
1951,6321545,33
1952,6322286,10
1953,6323892,23
1954,6324991,53
1955,6325047,52
1956,6327978,4
1957,6328284,50
1958,6329098,43
1959,6330124,19
1960,6333973,41
1961,6336563,37
1962,6336569,37
1963,6340973,7
1964,6347488,43
1965,6347935,2
1966,6357872,6
1967,6363866,10
1968,6368578,41
1969,6369937,54
1970,6370131,9
1971,6378174,22
1972,6378776,18
1973,6380311,6
1974,6381172,50
1975,6382895,40
1976,6384642,50
1977,6385195,48
1978,6385744,39
1979,6396820,33
1980,6399518,9
1981,6399724,8
1982,6400279,6
1983,6407882,21
1984,6411130,2
1985,6411522,31
1986,6415732,13
1987,6418646,25
1988,6424275,7
1989,6425541,52
1990,6426372,4
1991,6426682,47
1992,6427114,3
1993,6429226,33
1994,6429569,15
1995,6430007,16
1996,6433136,17
1997,6433363,11
1998,6434801,41
1999,6435831,48
2000,6441101,13
2001,6444011,15
2002,6445020,33
2003,6448805,48
2004,6452423,3
2005,6454777,35
2006,6454853,27
2007,6458734,21
2008,6460940,52
2009,6463152,38
2010,6465533,29
2011,6469062,45
2012,6471482,33
2013,6479234,31
2014,6484177,8
2015,6486096,32
2016,6490507,11
2017,6491333,40
2018,6492834,15
2019,6495584,14
2020,6496961,38
2021,6498016,24
2022,6500222,8
2023,6505189,9
2024,6506385,41
2025,6506723,13
2026,6509164,50
2027,6514455,30
2028,6518061,39
2029,6518893,38
2030,6520475,21
2031,6520603,18
2032,6523125,48
2033,6523510,47
2034,6523789,54
2035,6527685,23
2036,6528562,34
2037,6533745,49
2038,6534795,29
2039,6536645,1
2040,6537570,42
2041,6537893,17
2042,6542642,11
2043,6543094,22
2044,6543289,14
2045,6547340,10
2046,6548147,11
2047,6560672,3
2048,6560939,10
2049,6561660,34
2050,6563159,31
2051,6571159,7
2052,6571435,30
2053,6573651,44
2054,6576038,32
2055,6579044,14
2056,6586527,33
2057,6586585,48
2058,6589053,30
2059,6590291,31
2060,6593526,33
2061,6594663,22
2062,6595531,20
2063,6599734,8
2064,6600408,23
2065,6600685,9
2066,6603626,8
2067,6608058,28
2068,6610279,6
2069,6618080,20
2070,6618379,27
2071,6621840,16
2072,6629783,38
2073,6630100,16
2074,6630500,1
2075,6630823,46
2076,6633006,38
2077,6633335,24
2078,6634234,11
2079,6634585,35
2080,6637426,31
2081,6637656,39
2082,6639069,10
2083,6641583,37
2084,6646021,39
2085,6648488,40
2086,6651988,1
2087,6654409,9
2088,6662174,8
2089,6666261,30
2090,6667639,40
2091,6668133,18
2092,6669887,26
2093,6677462,42
2094,6677655,38
2095,6682406,3
2096,6684448,43
2097,6689158,39
2098,6689524,50
2099,6693904,34
2100,6697258,53
2101,6698760,15
2102,6715276,40
2103,6719338,18
2104,6719419,3
2105,6720729,36
2106,6723484,43
2107,6723836,46
2108,6729750,26
2109,6732196,34
2110,6732425,21
2111,6734980,43
2112,6735218,24
2113,6737411,27
2114,6747395,27
2115,6747616,44
2116,6752527,18
2117,6756716,26
2118,6759682,36
2119,6760908,45
2120,6762020,5
2121,6764675,24
2122,6769266,30
2123,6770821,31
2124,6772511,8
2125,6773517,7
2126,6774434,29
2127,6779436,49
2128,6779519,27
2129,6784687,13
2130,6784917,16
2131,6786571,40
2132,6787712,24
2133,6795521,26
2134,6798280,2
2135,6808068,30
2136,6810053,38
2137,6811065,12
2138,6818840,1
2139,6818889,4
2140,6825481,40
2141,6825537,3
2142,6832219,1
2143,6838963,4
2144,6842260,18
2145,6842802,30
2146,6851131,54
2147,6851848,37
2148,6854086,44
2149,6861231,2
2150,6864036,6
2151,6873674,43
2152,6878186,8
2153,6884357,16
2154,6888333,5
2155,6889015,40
2156,6894112,31
2157,6894803,34
2158,6898196,4
2159,6901041,18
2160,6902357,48
2161,6905445,33
2162,6906307,37
2163,6906870,47
2164,6908487,22
2165,6913635,39
2166,6915155,1
2167,6918070,35
2168,6919937,43
2169,6922990,36
2170,6923364,2
2171,6923771,27
2172,6924197,9
2173,6928581,35
2174,6928591,4
2175,6928775,42
2176,6929872,21
2177,6930113,2
2178,6930561,18
2179,6931941,24
2180,6937751,25
2181,6937955,5
2182,6941478,33
2183,6941928,29
2184,6942858,20
2185,6943727,10
2186,6944805,50
2187,6946655,23
2188,6946764,50
2189,6947816,54
2190,6948705,52
2191,6949250,32
2192,6951928,38
2193,6954978,51
2194,6955747,34
2195,6964097,48
2196,6965327,8
2197,6969221,26
2198,6972421,11
2199,6972722,44
2200,6973864,20
2201,6974327,25
2202,6974858,43
2203,6979735,8
2204,6991367,33
2205,6991783,19
2206,6991893,23
2207,6994562,50
2208,6998584,37
2209,7002451,54
2210,7002625,10
2211,7003556,21
2212,7003597,1
2213,7005624,26
2214,7009780,2
2215,7012385,40
2216,7016365,5
2217,7016916,2
2218,7018927,49
2219,7019102,45
2220,7020053,29
2221,7020619,11
2222,7021722,45
2223,7026589,40
2224,7026873,42
2225,7029822,14
2226,7035755,37
2227,7036887,48
2228,7036950,8
2229,7037541,20
2230,7039355,17
2231,7048150,47
2232,7050225,6
2233,7050465,37
2234,7054018,34
2235,7054591,20
2236,7055648,28
2237,7058163,23
2238,7067114,24
2239,7072107,12
2240,7081883,53
2241,7090468,35
2242,7090878,21
2243,7096280,30
2244,7102494,46
2245,7102721,50
2246,7104228,13
2247,7108782,52
2248,7112386,49
2249,7113921,49
2250,7118357,4
2251,7119866,25
2252,7121424,49
2253,7126151,27
2254,7129520,13
2255,7130365,49
2256,7134008,16
2257,7135785,3
2258,7137799,18
2259,7141018,38
2260,7145688,34
2261,7146799,4
2262,7147605,22
2263,7148353,28
2264,7150260,33
2265,7150811,19
2266,7154175,32
2267,7155758,51
2268,7160787,42
2269,7161141,49
2270,7167941,53
2271,7171618,4
2272,7178309,23
2273,7181431,22
2274,7185654,40
2275,7190899,19
2276,7191151,8
2277,7191210,20
2278,7195052,20
2279,7198150,35
2280,7199990,41
2281,7200202,36
2282,7202777,35
2283,7213480,13
2284,7213513,7
2285,7218213,53
2286,7219192,11
2287,7223558,52
2288,7229384,32
2289,7230175,27
2290,7236817,9
2291,7238133,1
2292,7238253,44
2293,7239104,12
2294,7239536,44
2295,7242672,42
2296,7250944,46
2297,7251433,28
2298,7260739,16
2299,7265667,31
2300,7269715,11
2301,7270620,15
2302,7271843,31
2303,7273158,48
2304,7280646,42
2305,7280648,33
2306,7280839,35
2307,7282605,51
2308,7284522,46
2309,7288364,16
2310,7296395,33
2311,7298832,36
2312,7300050,6
2313,7301539,42
2314,7311205,12
2315,7314017,8
2316,7321755,30
2317,7324005,45
2318,7326453,24
2319,7327934,33
2320,7328054,24
2321,7334566,32
2322,7335428,24
2323,7336829,17
2324,7339353,52
2325,7342162,52
2326,7343825,23
2327,7345447,7
2328,7349014,15
2329,7350957,36
2330,7351013,12
2331,7351142,31
2332,7351223,53
2333,7353316,49
2334,7355913,2
2335,7355987,36
2336,7358123,50
2337,7358277,35
2338,7362786,13
2339,7362856,41
2340,7368195,54
2341,7368739,6
2342,7374468,48
2343,7376371,14
2344,7380048,8
2345,7382074,53
2346,7386470,51
2347,7387192,9
2348,7389497,4
2349,7392459,50
2350,7393360,49
2351,7398670,14
2352,7402576,2
2353,7404044,47
2354,7405935,17
2355,7406228,23
2356,7408268,9
2357,7411499,46
2358,7414452,49
2359,7419619,33
2360,7420100,43
2361,7426684,11
2362,7430951,7
2363,7435730,4
2364,7438217,11
2365,7438591,45
2366,7440285,47
2367,7451513,8
2368,7455460,7
2369,7461102,43
2370,7467874,50
2371,7468380,12
2372,7469773,19
2373,7471321,37
2374,7471626,26
2375,7473789,43
2376,7476201,21
2377,7476360,23
2378,7480037,18
2379,7480179,44
2380,7480221,17
2381,7480232,30
2382,7484836,50
2383,7492686,25
2384,7494856,34
2385,7497758,23
2386,7497973,15
2387,7499996,12
2388,7500224,53
2389,7500593,2
2390,7502692,14
2391,7504594,4
2392,7506319,24
2393,7508597,37
2394,7511152,15
2395,7514693,21
2396,7516501,51
2397,7517044,52
2398,7517718,43
2399,7518192,41
2400,7525287,52
2401,7526257,51
2402,7533006,33
2403,7533059,33
2404,7534529,17
2405,7542922,21
2406,7548404,41
2407,7548804,18
2408,7551197,37
2409,7552009,12
2410,7557827,12
2411,7558896,25
2412,7562200,39
2413,7570228,10
2414,7573301,15
2415,7576313,29
2416,7578620,33
2417,7578872,33
2418,7579180,28
2419,7588363,28
2420,7593544,3
2421,7600423,13
2422,7603445,38
2423,7604494,8
2424,7608861,23
2425,7611773,2
2426,7615623,42
2427,7616204,23
2428,7618031,37
2429,7618549,14
2430,7620951,29
2431,7626374,1
2432,7628286,24
2433,7630252,19
2434,7633427,31
2435,7635757,1
2436,7637291,18
2437,7641433,9
2438,7642279,45
2439,7652388,54
2440,7656528,5
2441,7658243,28
2442,7661377,52
2443,7679070,16
2444,7684502,1
2445,7685460,26
2446,7691384,17
2447,7693476,50
2448,7693518,11
2449,7694864,3
2450,7695616,6
2451,7696376,46
2452,7703318,52
2453,7704143,31
2454,7705471,3
2455,7707562,54
2456,7709049,6
2457,7710063,34
2458,7712318,37
2459,7716144,31
2460,7718129,49
2461,7720067,50
2462,7720862,7
2463,7722118,27
2464,7726374,5
2465,7728639,45
2466,7730918,23
2467,7732498,24
2468,7737623,17
2469,7740397,35
2470,7743566,49
2471,7746953,52
2472,7746960,16
2473,7747548,22
2474,7749334,42
2475,7749482,45
2476,7750789,32
2477,7750794,15
2478,7751761,32
2479,7757318,49
2480,7760552,49
2481,7770214,23
2482,7773447,21
2483,7779136,26
2484,7786820,33
2485,7800412,53
2486,7801321,44
2487,7817800,7
2488,7821584,4
2489,7825328,47
2490,7827328,43
2491,7833396,20
2492,7838251,36
2493,7838261,45
2494,7838611,16
2495,7841149,18
2496,7842733,3
2497,7843304,8
2498,7846671,19
2499,7850520,52
2500,7852043,33
2501,7853832,54
2502,7855996,49
2503,7856065,16
2504,7858700,21
2505,7860736,1
2506,7867950,15
2507,7874707,34
2508,7878369,40
2509,7880895,45
2510,7892459,20
2511,7898829,7
2512,7901545,34
2513,7909579,34
2514,7913828,40
2515,7920156,24
2516,7927593,26
2517,7929698,30
2518,7931573,49
2519,7935238,38
2520,7941375,42
2521,7952049,12
2522,7955868,3
2523,7956104,50
2524,7956480,46
2525,7956581,9
2526,7957350,18
2527,7961250,54
2528,7962344,41
2529,7966401,13
2530,7967472,1
2531,7968075,49
2532,7968635,12
2533,7971818,28
2534,7972265,5
2535,7977031,24
2536,7977969,45
2537,7980798,22
2538,7982216,47
2539,7983140,13
2540,7984465,5
2541,7986906,16
2542,7987511,33
2543,7992980,27
2544,7995962,52
2545,7996107,37
2546,8001514,46
2547,8006049,9
2548,8006848,9
2549,8007820,37
2550,8015061,28
2551,8016451,15
2552,8016665,30
2553,8018542,9
2554,8024175,10
2555,8025273,53
2556,8027894,23
2557,8028170,29
2558,8028487,45
2559,8028567,9
2560,8029312,19
2561,8032543,45
2562,8035071,3
2563,8035237,47
2564,8037145,4
2565,8038668,5
2566,8040320,15
2567,8040374,24
2568,8043542,37
2569,8052516,24
2570,8054060,25
2571,8057608,6
2572,8058100,16
2573,8061583,52
2574,8063071,25
2575,8067437,33
2576,8069120,53
2577,8069506,34
2578,8073361,44
2579,8078620,18
2580,8079914,4
2581,8086469,45
2582,8090418,48
2583,8090437,36
2584,8097409,21
2585,8104260,41
2586,8109459,30
2587,8110745,8
2588,8112666,28
2589,8112842,18
2590,8118508,40
2591,8119282,16
2592,8120426,5
2593,8122216,51
2594,8123526,27
2595,8140556,50
2596,8142142,34
2597,8149498,24
2598,8149568,32
2599,8153984,45
2600,8162227,36
2601,8162740,31
2602,8162800,45
2603,8163967,36
2604,8164504,34
2605,8165843,25
2606,8167836,38
2607,8168523,13
2608,8170083,50
2609,8172021,27
2610,8175931,37
2611,8185517,30
2612,8186431,38
2613,8187539,8
2614,8191987,28
2615,8193590,27
2616,8194394,8
2617,8196290,11
2618,8200988,7
2619,8205807,20
2620,8206004,34
2621,8208484,10
2622,8219986,21
2623,8221226,2
2624,8223139,47
2625,8225114,32
2626,8238473,4
2627,8238592,36
2628,8245365,23
2629,8245886,52
2630,8258795,25
2631,8260138,21
2632,8263295,36
2633,8265700,34
2634,8270184,3
2635,8270240,12
2636,8271546,47
2637,8272074,45
2638,8277621,23
2639,8278102,36
2640,8278370,12
2641,8279093,54
2642,8282616,42
2643,8283044,51
2644,8286598,54
2645,8288446,1
2646,8293587,19
2647,8293883,48
2648,8295975,8
2649,8296555,2
2650,8296857,15
2651,8297454,20
2652,8302547,33
2653,8305756,5
2654,8307330,19
2655,8308458,15
2656,8312316,11
2657,8315256,33
2658,8317091,45
2659,8317521,48
2660,8320926,3
2661,8321144,12
2662,8327356,25
2663,8327793,24
2664,8331362,26
2665,8331865,35
2666,8332905,50
2667,8339556,38
2668,8340677,10
2669,8341455,34
2670,8346316,43
2671,8346733,17
2672,8351262,51
2673,8352592,7
2674,8355936,22
2675,8357102,1
2676,8361715,4
2677,8361974,7
2678,8366769,21
2679,8369357,42
2680,8371058,33
2681,8372210,10
2682,8381072,34
2683,8383948,32
2684,8384691,32
2685,8385016,3
2686,8387712,50
2687,8391593,24
2688,8395512,49
2689,8397481,36
2690,8400538,20
2691,8404553,36
2692,8404982,24
2693,8406802,44
2694,8408777,48
2695,8412250,29
2696,8418929,6
2697,8420927,30
2698,8422069,23
2699,8423718,51
2700,8424475,17
2701,8425711,7
2702,8428560,10
2703,8432049,28
2704,8435047,31
2705,8436537,4
2706,8446673,17
2707,8451833,15
2708,8451894,47
2709,8454636,19
2710,8456646,2
2711,8457298,51
2712,8461160,52
2713,8462161,12
2714,8464236,15
2715,8468979,4
2716,8470083,15
2717,8471815,48
2718,8473598,12
2719,8477594,34
2720,8481605,8
2721,8487468,15
2722,8492381,27
2723,8497919,13
2724,8498329,13
2725,8501732,19
2726,8510309,1
2727,8512169,37
2728,8515136,4
2729,8515973,37
2730,8517432,36
2731,8518090,51
2732,8526233,27
2733,8527610,9
2734,8527972,6
2735,8528898,41
2736,8530181,51
2737,8530582,41
2738,8535650,14
2739,8536452,17
2740,8536801,30
2741,8540723,39
2742,8544929,42
2743,8547554,36
2744,8554934,11
2745,8555283,46
2746,8563971,24
2747,8565307,17
2748,8566787,1
2749,8569910,39
2750,8572413,19
2751,8577133,24
2752,8578937,34
2753,8579709,46
2754,8580024,38
2755,8580034,23
2756,8581970,23
2757,8582818,18
2758,8593215,7
2759,8598894,9
2760,8600926,48
2761,8601064,41
2762,8604948,16
2763,8606168,32
2764,8611389,22
2765,8616915,44
2766,8628290,35
2767,8629990,17
2768,8630692,1
2769,8634517,24
2770,8634674,41
2771,8635171,34
2772,8638739,33
2773,8640461,1
2774,8642179,35
2775,8643662,2
2776,8646864,49
2777,8647908,31
2778,8650892,23
2779,8653837,42
2780,8657581,39
2781,8657663,19
2782,8661251,43
2783,8664704,1
2784,8666163,24
2785,8668939,40
2786,8673059,48
2787,8676838,19
2788,8683639,27
2789,8686895,48
2790,8693507,54
2791,8698316,10
2792,8700587,41
2793,8704375,53
2794,8709310,41
2795,8715624,9
2796,8716369,41
2797,8718430,12
2798,8720648,51
2799,8727659,33
2800,8729413,6
2801,8729524,40
2802,8735176,11
2803,8739744,12
2804,8740140,35
2805,8746186,5
2806,8748340,35
2807,8750051,1
2808,8750799,53
2809,8752184,12
2810,8756385,28
2811,8761037,18
2812,8762364,45
2813,8763716,20
2814,8763960,19
2815,8767342,10
2816,8774291,16
2817,8775123,24
2818,8781798,37
2819,8785663,27
2820,8786164,33
2821,8787166,15
2822,8788585,18
2823,8793932,19
2824,8795185,45
2825,8797536,51
2826,8799262,9
2827,8799426,36
2828,8799804,28
2829,8802958,2
2830,8803752,49
2831,8803786,29
2832,8807539,28
2833,8810290,37
2834,8810409,52
2835,8810502,28
2836,8811798,32
2837,8816604,52
2838,8818565,6
2839,8829462,43
2840,8830035,38
2841,8830419,14
2842,8831214,9
2843,8833619,41
2844,8834325,29
2845,8837104,14
2846,8845469,37
2847,8849064,47
2848,8851100,30
2849,8851503,40
2850,8851628,10
2851,8855016,49
2852,8858744,17
2853,8860084,7
2854,8861325,53
2855,8867389,23
2856,8869629,17
2857,8869891,8
2858,8870626,42
2859,8871876,31
2860,8878000,28
2861,8878005,39
2862,8878571,33
2863,8878601,13
2864,8879783,8
2865,8880041,38
2866,8885334,34
2867,8885664,17
2868,8886081,36
2869,8889680,12
2870,8890204,45
2871,8891006,2
2872,8891280,22
2873,8895036,40
2874,8899314,12
2875,8904952,17
2876,8905071,53
2877,8905577,37
2878,8908350,47
2879,8908799,27
2880,8915254,28
2881,8916919,15
2882,8925707,8
2883,8942526,2
2884,8944990,38
2885,8947562,44
2886,8947940,21
2887,8949302,35
2888,8951479,38
2889,8955473,22
2890,8956586,19
2891,8956756,12
2892,8964852,25
2893,8973417,44
2894,8976196,36
2895,8979872,23
2896,8982809,49
2897,8982880,44
2898,8983714,17
2899,8985312,29
2900,8988397,29
2901,8994305,30
2902,8995766,22
2903,8998207,11
2904,9002091,15
2905,9004785,17
2906,9009793,8
2907,9012643,26
2908,9018557,52
2909,9020984,43
2910,9021779,7
2911,9023414,39
2912,9027004,34
2913,9027847,46
2914,9029427,47
2915,9029727,26
2916,9030287,25
2917,9034647,14
2918,9039411,36
2919,9043080,32
2920,9043353,7
2921,9049664,25
2922,9053565,25
2923,9060705,8
2924,9065462,2
2925,9065891,46
2926,9065956,33
2927,9066094,17
2928,9068371,52
2929,9070524,17
2930,9070831,29
2931,9077076,49
2932,9077608,48
2933,9078585,15
2934,9079717,32
2935,9082297,32
2936,9085417,15
2937,9085773,1
2938,9086935,12
2939,9087482,39
2940,9089735,10
2941,9090941,34
2942,9094448,23
2943,9095058,17
2944,9097538,13
2945,9099416,39
2946,9102486,15
2947,9103648,48
2948,9105945,10
2949,9112022,43
2950,9119868,10
2951,9122382,3
2952,9125198,18
2953,9126844,35
2954,9127271,26
2955,9130242,42
2956,9132091,23
2957,9134161,53
2958,9134274,16
2959,9135726,46
2960,9136971,36
2961,9148626,35
2962,9149921,43
2963,9150540,3
2964,9153158,38
2965,9154881,2
2966,9156019,15
2967,9157156,13
2968,9160853,46
2969,9161445,28
2970,9161962,47
2971,9169149,7
2972,9178477,43
2973,9183510,6
2974,9184401,50
2975,9184560,25
2976,9185844,44
2977,9189125,34
2978,9189235,9
2979,9191932,36
2980,9192468,19
2981,9194936,29
2982,9195582,21
2983,9195881,44
2984,9198734,34
2985,9201146,16
2986,9203289,27
2987,9203301,37
2988,9204189,18
2989,9205965,18
2990,9207889,7
2991,9209659,29
2992,9209695,46
2993,9209705,49
2994,9212540,14
2995,9219257,37
2996,9219264,53
2997,9227136,36
2998,9230726,54
2999,9231290,19
3000,9231591,33
3001,9232533,42
3002,9233075,27
3003,9233261,28
3004,9237335,11
3005,9240984,52
3006,9245425,53
3007,9247131,19
3008,9247221,40
3009,9253367,9
3010,9257962,40
3011,9264258,48
3012,9264949,30
3013,9266643,4
3014,9273140,30
3015,9274424,22
3016,9281988,24
3017,9289593,29
3018,9294183,9
3019,9295283,51
3020,9297257,51
3021,9299477,6
3022,9303522,5
3023,9307641,24
3024,9312043,50
3025,9316461,2
3026,9319897,9
3027,9321228,11
3028,9325471,12
3029,9326915,51
3030,9332622,29
3031,9337410,28
3032,9346194,39
3033,9346720,16
3034,9354415,6
3035,9355697,6
3036,9357552,20
3037,9358442,40
3038,9379117,46
3039,9382017,11
3040,9383012,39
3041,9384477,54
3042,9385288,40
3043,9388007,36
3044,9393352,22
3045,9402842,43
3046,9405732,17
3047,9405864,35
3048,9411132,17
3049,9415825,31
3050,9417009,22
3051,9418998,9
3052,9420104,30
3053,9420531,41
3054,9420611,4
3055,9422535,54
3056,9424645,48
3057,9425299,41
3058,9425414,43
3059,9427349,9
3060,9429487,32
3061,9431703,1
3062,9436839,7
3063,9437111,3
3064,9439708,13
3065,9440966,54
3066,9443074,7
3067,9444252,31
3068,9445977,33
3069,9446162,30
3070,9446599,44
3071,9448071,44
3072,9450258,35
3073,9450400,18
3074,9453776,50
3075,9454612,1
3076,9459008,26
3077,9461368,3
3078,9464145,22
3079,9466041,43
3080,9475876,28
3081,9483107,43
3082,9485945,30
3083,9486347,1
3084,9486998,3
3085,9488827,20
3086,9490843,28
3087,9494711,32
3088,9495260,9
3089,9502077,25
3090,9502329,18
3091,9507806,28
3092,9509638,26
3093,9510854,33
3094,9515369,21
3095,9520210,24
3096,9523971,11
3097,9525348,16
3098,9529021,9
3099,9530407,38
3100,9531759,5
3101,9532399,17
3102,9535446,52
3103,9536496,48
3104,9536872,34
3105,9547294,47
3106,9548873,23
3107,9551400,23
3108,9554358,9
3109,9558508,8
3110,9559391,2
3111,9567873,24
3112,9571418,11
3113,9571756,7
3114,9573214,49
3115,9582638,33
3116,9585565,18
3117,9590757,45
3118,9590963,53
3119,9591426,39
3120,9591816,19
3121,9592538,19
3122,9595477,9
3123,9600062,35
3124,9601965,2
3125,9607265,47
3126,9609161,52
3127,9610737,28
3128,9611745,19
3129,9619635,49
3130,9620308,10
3131,9620932,10
3132,9621647,14
3133,9625620,31
3134,9626860,15
3135,9627004,54
3136,9627198,13
3137,9633615,40
3138,9637434,9
3139,9640032,27
3140,9645265,15
3141,9647482,51
3142,9647548,20
3143,9658347,33
3144,9661112,41
3145,9662469,27
3146,9662782,36
3147,9672688,14
3148,9672837,34
3149,9673322,22
3150,9683300,30
3151,9685875,28
3152,9687863,53
3153,9689290,39
3154,9689584,14
3155,9689830,34
3156,9698703,1
3157,9702289,53
3158,9702434,28
3159,9703815,11
3160,9704482,10
3161,9708442,17
3162,9708738,27
3163,9714260,3
3164,9722827,1
3165,9726609,33
3166,9727891,4
3167,9732553,36
3168,9734906,46
3169,9771271,25
3170,9772054,15
3171,9772292,29
3172,9775742,9
3173,9776903,16
3174,9781387,32
3175,9782770,53
3176,9783086,40
3177,9785265,12
3178,9788472,11
3179,9794358,13
3180,9796327,25
3181,9797134,39
3182,9803287,3
3183,9803687,35
3184,9806394,34
3185,9808514,24
3186,9809253,24
3187,9822311,6
3188,9828910,28
3189,9832609,26
3190,9845189,20
3191,9847496,12
3192,9849758,25
3193,9853623,34
3194,9854852,41
3195,9856610,45
3196,9857192,4
3197,9861914,38
3198,9867231,10
3199,9871385,13
3200,9878821,48
3201,9879918,9
3202,9882009,36
3203,9884430,49
3204,9884490,47
3205,9884941,51
3206,9895244,37
3207,9897522,31
3208,9898747,3
3209,9900257,10
3210,9902212,2
3211,9904770,36
3212,9906747,52
3213,9908107,19
3214,9908652,29
3215,9914041,12
3216,9915466,53
3217,9916060,36
3218,9916349,21
3219,9917388,16
3220,9918578,40
3221,9919021,40
3222,9919308,2
3223,9919622,51
3224,9922741,51
3225,9923877,32
3226,9927009,45
3227,9928590,8
3228,9934836,24
3229,9935546,6
3230,9941672,52
3231,9949383,17
3232,9954921,6
3233,9957517,46
3234,9963339,50
3235,9963458,21
3236,9966774,35
3237,9967355,9
3238,9968482,11
3239,9972665,4
3240,9973647,14
3241,9982085,54
3242,9982294,47
3243,9982867,15
3244,9989489,30
3245,9990655,49
3246,9996969,36
3247,9998878,31
